{
  "project_info": {
    "project_number": "13947105226",
    "project_id": "app-qr-d66ee",
    "storage_bucket": "app-qr-d66ee.appspot.com"
  },
  "client": [
    {
      "client_info": {
        "mobilesdk_app_id": "1:13947105226:android:11d3002b48514365166933",
        "android_client_info": {
          "package_name": "com.example.appqr"
        }
      },
      "oauth_client": [
        {
          "client_id": "13947105226-0enbclr5r03vne7l3156h62amuqqk2ro.apps.googleusercontent.com",
          "client_type": 3
        }
      ],
      "api_key": [
        {
          "current_key": "AIzaSyBlk_BUdiZvBb_uG3lpJc6o6SKpYcx-KVA"
        }
      ],
      "services": {
        "appinvite_service": {
          "other_platform_oauth_client": [
            {
              "client_id": "13947105226-0enbclr5r03vne7l3156h62amuqqk2ro.apps.googleusercontent.com",
              "client_type": 3
            }
          ]
        }
      }
    }
  ],
  "configuration_version": "1"
}